workload,variant,structure,n,time_ms,steps,moves,comparisons
W1_random_access,-,DynamicArray,100,0,10000,0,0
W1_random_access,-,MyLinkedList,100,1,511327,0,0
W2_search,-,DynamicArray,100,0,75875,0,75375
W2_search,-,MyLinkedList,100,0,100750,0,75375
W3_insert_remove,head,DynamicArray,100,2,1200120,1201120,0
W3_insert_remove,head,MyLinkedList,100,0,0,3000,0
W3_insert_remove,middle,DynamicArray,100,0,1100120,1101120,0
W3_insert_remove,middle,MyLinkedList,100,0,100000,3000,0
W4_priority,-,MinHeap,100,0,1826,1357,863
W1_random_access,-,DynamicArray,1000,0,10000,0,0
W1_random_access,-,MyLinkedList,1000,9,5021262,0,0
W2_search,-,DynamicArray,1000,0,751744,0,751244
W2_search,-,MyLinkedList,1000,2,1002488,0,751244
W3_insert_remove,head,DynamicArray,1000,0,3000280,3001280,0
W3_insert_remove,head,MyLinkedList,1000,0,0,3000,0
W3_insert_remove,middle,DynamicArray,1000,0,2000280,2001280,0
W3_insert_remove,middle,MyLinkedList,1000,1,1000000,3000,0
W4_priority,-,MinHeap,1000,0,30992,23032,14996
W1_random_access,-,DynamicArray,10000,0,10000,0,0
W1_random_access,-,MyLinkedList,10000,100,50180278,0,0
W2_search,-,DynamicArray,10000,3,7535242,0,7534742
W2_search,-,MyLinkedList,10000,24,10069484,0,7534742
W3_insert_remove,head,DynamicArray,10000,1,21009240,21010240,0
W3_insert_remove,head,MyLinkedList,10000,0,0,3000,0
W3_insert_remove,middle,DynamicArray,10000,0,11009240,11010240,0
W3_insert_remove,middle,MyLinkedList,10000,20,10000000,3000,0
W4_priority,-,MinHeap,10000,1,443062,330157,216531
W1_random_access,-,DynamicArray,100000,0,10000,0,0
W1_random_access,-,MyLinkedList,100000,836,505028648,0,0
W2_search,-,DynamicArray,100000,32,74566147,0,74565647
W2_search,-,MyLinkedList,100000,179,99131294,0,74565647
W3_insert_remove,head,DynamicArray,100000,14,200999000,201000000,0
W3_insert_remove,head,MyLinkedList,100000,0,0,3000,0
W3_insert_remove,middle,DynamicArray,100000,7,100999000,101000000,0
W3_insert_remove,middle,MyLinkedList,100000,153,100000000,3000,0
W4_priority,-,MinHeap,100000,10,5762852,4302697,2831426
